{"cameraMode":{"drawMode":0,"name":"Shaded","section":"Shading Mode"},"sceneLighting":true,"audioPlay":false,"sceneViewState":{"showFog":true,"showMaterialUpdate":false,"showSkybox":true,"showFlares":true,"showImageEffects":true,"showParticleSystems":true},"in2DMode":false,"pivot":{"x":-1.1580381393432618,"y":-1.887211799621582,"z":-16.42037582397461},"rotation":{"x":0.003938368055969477,"y":-0.9949665069580078,"z":0.04330785572528839,"w":0.09038408100605011},"size":6.742671012878418,"orthographic":false}